transaction_id,store_id,timestamp,product_category,quantity,unit_price,total_amount
txn_0,store_7,2025-06-12 23:51:17.042948,basic_item,1,6.15,6.15
txn_1,store_4,2025-04-18 16:42:57.890760,one_time_service,5,4.58,22.9
txn_2,store_8,2025-05-11 04:45:22.237790,subscription,3,6.04,18.12
txn_3,store_5,2025-05-06 12:49:40.957998,one_time_service,4,3.65,14.6
txn_4,store_7,2025-06-21 17:28:14.419494,one_time_service,3,3.84,11.52
txn_5,store_10,2025-06-16 08:21:49.472357,one_time_service,2,6.73,13.46
txn_6,store_3,2025-07-05 17:48:02.576631,one_time_service,1,4.68,4.68
txn_7,store_7,2025-04-24 06:28:50.620685,enterprise,5,6.79,33.95
txn_8,store_8,2025-05-24 10:02:38.328033,enterprise,5,6.93,34.65
txn_9,store_5,2025-04-19 03:03:17.436511,premium_item,1,7.15,7.15
txn_10,store_4,2025-05-06 02:57:03.150235,basic_item,1,7.5,7.5
txn_11,store_8,2025-05-31 22:15:36.978456,one_time_service,2,4.59,9.18
txn_12,store_8,2025-04-18 20:00:37.958427,premium_item,3,3.91,11.73
txn_13,store_3,2025-05-04 08:10:55.829906,basic_item,5,5.49,27.45
txn_14,store_6,2025-06-13 22:26:35.646342,subscription,2,4.23,8.46
txn_15,store_5,2025-06-04 11:45:59.211340,enterprise,3,5.61,16.83
txn_16,store_2,2025-05-06 06:50:40.535158,basic_item,2,6.23,12.46
txn_17,store_8,2025-06-08 11:30:24.215991,subscription,5,6.13,30.65
txn_18,store_6,2025-06-28 07:03:45.489300,basic_item,1,4.25,4.25
txn_19,store_2,2025-04-17 00:43:48.613431,enterprise,1,3.0,3.0
txn_20,store_5,2025-06-27 23:15:44.760427,enterprise,3,4.58,13.74
txn_21,store_1,2025-06-18 06:40:26.193604,premium_item,4,2.86,11.44
txn_22,store_10,2025-05-17 01:38:02.274621,one_time_service,3,7.34,22.02
txn_23,store_6,2025-04-30 10:31:42.848715,basic_item,4,4.08,16.32
txn_24,store_9,2025-07-11 14:16:23.107660,basic_item,2,2.93,5.86
txn_25,store_1,2025-05-16 17:44:13.440977,subscription,2,2.15,4.3
txn_26,store_10,2025-04-24 19:01:25.936306,enterprise,5,5.87,29.35
txn_27,store_3,2025-04-25 03:36:00.804440,basic_item,4,5.82,23.28
txn_28,store_7,2025-07-01 17:16:50.450903,enterprise,5,4.04,20.2
txn_29,store_4,2025-06-09 18:44:27.878095,basic_item,1,2.43,2.43
txn_30,store_9,2025-06-28 02:05:23.711169,premium_item,4,4.46,17.84
txn_31,store_3,2025-06-21 02:54:48.631519,one_time_service,3,3.87,11.61
txn_32,store_5,2025-06-03 16:56:43.897341,basic_item,1,6.06,6.06
txn_33,store_3,2025-07-13 00:37:22.438895,enterprise,1,5.63,5.63
txn_34,store_7,2025-05-20 12:19:37.575364,premium_item,3,4.19,12.57
txn_35,store_5,2025-06-05 03:06:02.206974,basic_item,1,3.31,3.31
txn_36,store_9,2025-06-30 02:12:24.927425,subscription,4,7.93,31.72
txn_37,store_7,2025-06-11 02:41:43.852579,one_time_service,5,4.72,23.6
txn_38,store_2,2025-07-02 23:58:47.115013,basic_item,1,6.13,6.13
txn_39,store_4,2025-06-07 09:46:24.539714,premium_item,4,2.84,11.36
txn_40,store_9,2025-06-18 20:34:04.856606,subscription,2,4.91,9.82
txn_41,store_2,2025-04-20 13:40:24.665506,premium_item,4,2.17,8.68
txn_42,store_10,2025-05-06 22:57:11.249667,premium_item,5,5.03,25.15
txn_43,store_9,2025-05-12 11:46:15.063172,subscription,4,7.78,31.12
txn_44,store_10,2025-04-23 15:02:36.670761,premium_item,3,4.31,12.93
txn_45,store_5,2025-05-07 09:31:16.190548,subscription,5,2.23,11.15
txn_46,store_2,2025-04-25 12:51:21.373296,basic_item,2,2.19,4.38
txn_47,store_4,2025-05-11 11:06:56.995991,subscription,3,4.33,12.99
txn_48,store_7,2025-06-12 15:46:16.496808,subscription,4,2.96,11.84
txn_49,store_8,2025-05-19 06:43:49.281881,one_time_service,5,2.14,10.7
txn_50,store_3,2025-05-19 18:17:01.458511,subscription,2,6.54,13.08
txn_51,store_1,2025-05-05 07:13:40.929490,subscription,3,4.75,14.25
txn_52,store_4,2025-05-10 11:21:53.802466,basic_item,2,3.74,7.48
txn_53,store_2,2025-07-09 17:52:00.332266,one_time_service,4,7.4,29.6
txn_54,store_8,2025-06-13 18:26:57.413893,enterprise,2,2.7,5.4
txn_55,store_4,2025-06-10 06:24:56.958283,basic_item,1,7.74,7.74
txn_56,store_2,2025-05-01 20:21:08.386606,basic_item,3,3.88,11.64
txn_57,store_6,2025-06-21 01:36:24.239081,enterprise,2,7.33,14.66
txn_58,store_6,2025-05-01 03:38:32.049713,subscription,4,5.62,22.48
txn_59,store_10,2025-05-20 14:18:59.773328,premium_item,4,6.96,27.84
txn_60,store_4,2025-07-14 12:03:47.832772,one_time_service,2,7.9,15.8
txn_61,store_6,2025-06-13 01:05:32.390848,premium_item,4,3.73,14.92
txn_62,store_2,2025-06-05 13:42:15.465816,enterprise,5,7.77,38.85
txn_63,store_10,2025-06-17 01:27:34.673923,basic_item,5,4.34,21.7
txn_64,store_2,2025-07-01 07:15:10.789623,basic_item,5,4.31,21.55
txn_65,store_10,2025-06-25 06:51:09.570412,one_time_service,1,4.04,4.04
txn_66,store_4,2025-05-07 01:26:12.065822,basic_item,2,5.25,10.5
txn_67,store_8,2025-04-19 08:01:45.754828,basic_item,1,2.92,2.92
txn_68,store_7,2025-05-14 20:04:17.159939,one_time_service,4,5.32,21.28
txn_69,store_9,2025-05-10 13:00:47.309819,one_time_service,1,5.25,5.25
txn_70,store_8,2025-05-05 10:24:56.849960,enterprise,4,6.57,26.28
txn_71,store_5,2025-07-10 07:22:40.196904,basic_item,4,7.0,28.0
txn_72,store_2,2025-07-04 07:38:48.921687,basic_item,3,4.64,13.92
txn_73,store_5,2025-05-14 18:23:49.459326,enterprise,5,3.81,19.05
txn_74,store_8,2025-06-14 10:26:25.319571,subscription,4,3.56,14.24
txn_75,store_10,2025-05-22 01:15:27.920887,subscription,3,3.17,9.51
txn_76,store_9,2025-07-07 18:06:56.316063,subscription,5,2.35,11.75
txn_77,store_9,2025-05-27 17:48:46.263961,enterprise,4,4.05,16.2
txn_78,store_1,2025-05-10 06:50:02.432932,basic_item,4,3.62,14.48
txn_79,store_9,2025-05-08 15:24:29.758072,enterprise,1,7.8,7.8
txn_80,store_7,2025-06-05 23:14:52.869498,enterprise,1,5.35,5.35
txn_81,store_9,2025-05-10 02:12:53.006121,subscription,5,4.08,20.4
txn_82,store_8,2025-06-08 01:23:54.918226,premium_item,4,5.48,21.92
txn_83,store_1,2025-07-06 05:59:25.001142,basic_item,2,2.84,5.68
txn_84,store_8,2025-05-22 09:23:52.586222,subscription,1,4.66,4.66
txn_85,store_8,2025-05-06 04:25:32.481458,premium_item,5,5.76,28.8
txn_86,store_3,2025-07-15 05:22:26.686358,premium_item,4,4.93,19.72
txn_87,store_1,2025-06-01 07:16:10.717881,one_time_service,4,4.41,17.64
txn_88,store_8,2025-04-24 15:03:25.847318,basic_item,2,7.96,15.92
txn_89,store_3,2025-04-20 16:27:51.193558,premium_item,5,7.28,36.4
txn_90,store_3,2025-04-26 07:32:05.895863,subscription,4,5.74,22.96
txn_91,store_1,2025-06-11 21:58:34.678541,one_time_service,1,5.42,5.42
txn_92,store_5,2025-06-26 17:35:03.395545,basic_item,2,5.72,11.44
txn_93,store_10,2025-05-24 10:33:30.160095,enterprise,5,3.21,16.05
txn_94,store_7,2025-04-22 03:54:45.701301,subscription,2,4.37,8.74
txn_95,store_10,2025-05-20 18:59:25.830139,premium_item,1,2.24,2.24
txn_96,store_9,2025-07-15 02:18:54.111013,premium_item,5,4.85,24.25
txn_97,store_7,2025-06-03 01:34:47.405758,subscription,2,5.26,10.52
txn_98,store_9,2025-07-12 20:13:19.722592,premium_item,3,3.37,10.11
txn_99,store_8,2025-07-02 21:58:37.222845,one_time_service,1,7.78,7.78
txn_100,store_2,2025-04-17 11:29:30.684898,basic_item,1,7.46,7.46
txn_101,store_1,2025-06-20 07:27:07.125617,one_time_service,1,6.33,6.33
txn_102,store_7,2025-06-16 19:11:14.087824,premium_item,3,5.2,15.6
txn_103,store_7,2025-06-03 18:32:55.547533,enterprise,3,7.22,21.66
txn_104,store_8,2025-05-10 11:02:06.935346,basic_item,4,2.78,11.12
txn_105,store_5,2025-06-13 03:10:13.204033,basic_item,2,6.74,13.48
txn_106,store_3,2025-04-26 11:38:43.960159,subscription,4,2.75,11.0
txn_107,store_8,2025-05-25 13:47:08.847482,subscription,2,6.77,13.54
txn_108,store_6,2025-05-27 06:44:09.798696,enterprise,3,3.65,10.95
txn_109,store_3,2025-07-11 06:56:06.910686,basic_item,3,7.26,21.78
txn_110,store_1,2025-07-04 06:32:06.722664,enterprise,4,7.66,30.64
txn_111,store_3,2025-05-10 03:36:47.516924,subscription,5,2.89,14.45
txn_112,store_5,2025-05-31 11:57:31.873364,subscription,4,4.78,19.12
txn_113,store_3,2025-05-02 12:34:51.281288,basic_item,2,7.89,15.78
txn_114,store_1,2025-07-07 13:58:08.337032,one_time_service,4,4.9,19.6
txn_115,store_5,2025-07-03 19:00:46.657339,premium_item,1,7.18,7.18
txn_116,store_10,2025-05-13 07:20:00.956594,subscription,2,5.53,11.06
txn_117,store_7,2025-06-12 22:49:25.530369,subscription,2,4.25,8.5
txn_118,store_7,2025-06-10 06:04:06.622435,one_time_service,5,3.71,18.55
txn_119,store_9,2025-04-30 04:49:32.410534,one_time_service,3,3.22,9.66
txn_120,store_10,2025-06-24 01:42:58.239678,enterprise,2,6.57,13.14
txn_121,store_10,2025-06-03 23:45:05.596505,enterprise,3,4.32,12.96
txn_122,store_3,2025-06-25 12:31:33.756127,premium_item,4,5.07,20.28
txn_123,store_7,2025-06-03 04:15:24.413287,premium_item,1,4.95,4.95
txn_124,store_1,2025-04-16 11:55:41.322589,basic_item,5,5.46,27.3
txn_125,store_4,2025-05-15 14:52:11.757568,enterprise,3,7.19,21.57
txn_126,store_4,2025-04-18 04:45:45.407093,subscription,2,7.88,15.76
txn_127,store_5,2025-07-09 01:32:45.098376,enterprise,3,4.45,13.35
txn_128,store_7,2025-07-04 12:43:55.580256,subscription,2,6.97,13.94
txn_129,store_7,2025-06-30 07:05:25.414617,one_time_service,3,6.59,19.77
txn_130,store_4,2025-05-14 02:55:24.097436,enterprise,2,5.44,10.88
txn_131,store_7,2025-04-21 15:48:40.352965,one_time_service,4,7.74,30.96
txn_132,store_3,2025-07-04 11:11:36.901719,premium_item,2,3.2,6.4
txn_133,store_6,2025-07-10 16:06:13.144946,premium_item,2,2.66,5.32
txn_134,store_2,2025-04-24 03:42:15.501590,basic_item,1,7.12,7.12
txn_135,store_10,2025-05-30 04:25:56.101061,enterprise,2,4.63,9.26
txn_136,store_9,2025-04-22 16:11:30.801922,one_time_service,1,7.08,7.08
txn_137,store_5,2025-06-23 21:35:36.695354,subscription,5,7.36,36.8
txn_138,store_6,2025-06-24 08:53:42.780606,premium_item,1,2.37,2.37
txn_139,store_4,2025-04-28 00:01:06.286266,premium_item,4,7.3,29.2
txn_140,store_10,2025-05-29 05:18:10.030413,subscription,1,4.69,4.69
txn_141,store_7,2025-06-04 22:16:07.001335,one_time_service,5,5.06,25.3
txn_142,store_9,2025-05-10 07:12:54.604957,one_time_service,4,5.76,23.04
txn_143,store_7,2025-07-03 23:08:53.585800,enterprise,3,7.56,22.68
txn_144,store_1,2025-05-24 12:40:14.881324,enterprise,3,2.11,6.33
txn_145,store_1,2025-05-05 12:10:37.103840,basic_item,1,4.86,4.86
txn_146,store_9,2025-06-03 23:34:20.644673,premium_item,1,6.13,6.13
txn_147,store_9,2025-06-21 03:20:38.251569,enterprise,5,6.34,31.7
txn_148,store_4,2025-05-04 13:10:44.927244,one_time_service,5,6.16,30.8
txn_149,store_9,2025-05-14 12:00:00.139483,subscription,2,2.81,5.62
txn_150,store_3,2025-07-15 00:12:55.655724,one_time_service,5,3.8,19.0
txn_151,store_7,2025-06-13 22:25:46.034534,premium_item,2,4.15,8.3
txn_152,store_6,2025-05-25 20:59:20.510850,one_time_service,4,6.83,27.32
txn_153,store_8,2025-06-02 00:39:23.998225,basic_item,1,3.67,3.67
txn_154,store_9,2025-04-27 08:03:42.885405,premium_item,4,3.26,13.04
txn_155,store_5,2025-05-06 16:02:20.751091,subscription,5,7.74,38.7
txn_156,store_1,2025-05-16 20:57:27.589594,basic_item,4,2.05,8.2
txn_157,store_3,2025-06-08 09:26:22.853060,premium_item,4,7.99,31.96
txn_158,store_10,2025-05-07 03:44:26.419009,subscription,4,6.06,24.24
txn_159,store_8,2025-05-06 06:21:44.639834,basic_item,5,6.97,34.85
txn_160,store_6,2025-04-22 20:02:16.495146,basic_item,4,3.77,15.08
txn_161,store_8,2025-06-12 05:52:30.854073,premium_item,2,2.09,4.18
txn_162,store_9,2025-05-07 01:12:25.569258,enterprise,5,6.43,32.15
txn_163,store_4,2025-07-06 22:24:00.279480,basic_item,4,7.0,28.0
txn_164,store_1,2025-07-02 19:30:19.130718,basic_item,5,6.44,32.2
txn_165,store_1,2025-04-22 19:44:41.011080,subscription,3,2.86,8.58
txn_166,store_10,2025-05-07 20:46:58.295200,one_time_service,2,6.52,13.04
txn_167,store_4,2025-06-15 15:41:05.462380,premium_item,4,6.61,26.44
txn_168,store_7,2025-05-05 17:26:39.672462,premium_item,3,5.95,17.85
txn_169,store_2,2025-04-28 08:29:11.194036,enterprise,3,6.6,19.8
txn_170,store_3,2025-07-09 15:24:12.993107,enterprise,5,7.08,35.4
txn_171,store_1,2025-06-06 20:08:45.352050,premium_item,3,5.68,17.04
txn_172,store_5,2025-05-28 23:39:44.158955,enterprise,2,2.53,5.06
txn_173,store_1,2025-06-26 01:28:14.901640,subscription,2,4.93,9.86
txn_174,store_8,2025-06-28 02:53:10.912990,premium_item,1,2.47,2.47
txn_175,store_1,2025-05-03 13:58:41.752435,enterprise,2,4.45,8.9
txn_176,store_1,2025-04-25 04:03:48.269801,premium_item,3,4.44,13.32
txn_177,store_2,2025-05-25 05:45:48.252752,one_time_service,2,2.4,4.8
txn_178,store_2,2025-05-24 13:37:21.630964,basic_item,5,4.09,20.45
txn_179,store_6,2025-05-28 11:27:58.077015,premium_item,1,2.67,2.67
txn_180,store_7,2025-06-21 01:29:48.063763,basic_item,3,6.85,20.55
txn_181,store_5,2025-06-16 01:09:36.978117,enterprise,1,7.69,7.69
txn_182,store_1,2025-07-14 00:29:22.941948,basic_item,3,2.43,7.29
txn_183,store_1,2025-04-25 07:16:31.624444,premium_item,5,7.73,38.65
txn_184,store_3,2025-05-22 16:21:17.347995,one_time_service,1,5.14,5.14
txn_185,store_2,2025-05-16 23:35:11.317920,enterprise,4,3.8,15.2
txn_186,store_5,2025-07-02 23:54:19.901049,premium_item,3,2.46,7.38
txn_187,store_10,2025-05-08 19:47:25.910935,enterprise,4,5.0,20.0
txn_188,store_6,2025-05-03 13:32:38.730408,subscription,1,6.77,6.77
txn_189,store_7,2025-05-26 19:41:53.206324,basic_item,4,6.24,24.96
txn_190,store_4,2025-05-24 09:57:25.889727,subscription,4,2.3,9.2
txn_191,store_7,2025-05-11 12:21:01.303306,premium_item,1,2.44,2.44
txn_192,store_8,2025-05-08 22:16:29.197108,one_time_service,5,4.42,22.1
txn_193,store_1,2025-07-08 12:56:47.558348,enterprise,4,3.77,15.08
txn_194,store_6,2025-05-26 07:51:18.931915,basic_item,4,3.39,13.56
txn_195,store_8,2025-07-02 23:12:24.897009,enterprise,5,3.69,18.45
txn_196,store_5,2025-06-04 23:23:43.887992,premium_item,4,6.82,27.28
txn_197,store_4,2025-04-20 23:57:49.108768,enterprise,4,7.58,30.32
txn_198,store_2,2025-07-15 09:08:34.732761,basic_item,4,4.43,17.72
txn_199,store_6,2025-06-30 16:30:44.759967,premium_item,2,7.44,14.88
txn_200,store_6,2025-07-12 15:43:29.155032,enterprise,5,3.93,19.65
txn_201,store_1,2025-07-08 19:38:43.918259,one_time_service,4,4.86,19.44
txn_202,store_9,2025-07-01 19:52:32.289194,premium_item,5,3.36,16.8
txn_203,store_6,2025-05-01 09:55:29.454445,premium_item,3,5.84,17.52
txn_204,store_3,2025-05-30 03:40:39.649895,one_time_service,3,7.87,23.61
txn_205,store_4,2025-05-05 16:23:13.256965,subscription,4,5.62,22.48
txn_206,store_4,2025-05-22 12:56:23.573258,basic_item,5,4.15,20.75
txn_207,store_3,2025-04-21 17:20:43.128578,subscription,5,5.89,29.45
txn_208,store_10,2025-05-20 13:16:29.231560,enterprise,5,2.74,13.7
txn_209,store_3,2025-07-14 02:57:35.827628,one_time_service,2,7.33,14.66
txn_210,store_3,2025-05-10 07:31:53.238744,subscription,3,5.02,15.06
txn_211,store_4,2025-06-26 00:17:07.259151,premium_item,5,4.7,23.5
txn_212,store_7,2025-05-27 09:30:39.322829,enterprise,5,5.52,27.6
txn_213,store_4,2025-05-24 12:23:20.469461,enterprise,2,5.75,11.5
txn_214,store_9,2025-07-11 14:29:56.233727,subscription,2,2.43,4.86
txn_215,store_1,2025-07-15 00:48:21.091899,subscription,5,6.1,30.5
txn_216,store_8,2025-06-05 11:09:08.741207,one_time_service,1,3.45,3.45
txn_217,store_7,2025-06-20 02:27:17.007110,basic_item,5,6.28,31.4
txn_218,store_2,2025-04-30 09:03:14.371738,subscription,5,6.94,34.7
txn_219,store_8,2025-05-13 03:34:54.309454,subscription,2,6.82,13.64
txn_220,store_1,2025-07-12 15:06:18.280410,premium_item,2,5.32,10.64
txn_221,store_9,2025-06-07 13:43:20.199798,enterprise,5,5.12,25.6
txn_222,store_9,2025-06-04 05:50:04.144298,basic_item,5,2.86,14.3
txn_223,store_2,2025-06-22 18:19:12.215921,premium_item,5,6.65,33.25
txn_224,store_7,2025-04-21 14:10:11.420543,one_time_service,2,3.63,7.26
txn_225,store_10,2025-06-08 00:30:59.232929,one_time_service,5,4.98,24.9
txn_226,store_3,2025-05-31 16:50:58.835999,subscription,5,3.71,18.55
txn_227,store_7,2025-07-02 04:34:04.138985,subscription,4,2.8,11.2
txn_228,store_10,2025-04-30 14:44:51.150876,one_time_service,1,5.78,5.78
txn_229,store_9,2025-07-11 21:58:31.010282,subscription,3,2.33,6.99
txn_230,store_4,2025-04-23 15:44:01.012132,basic_item,1,6.49,6.49
txn_231,store_1,2025-05-03 04:04:29.155008,subscription,4,3.91,15.64
txn_232,store_2,2025-06-08 23:58:07.246179,enterprise,3,2.0,6.0
txn_233,store_1,2025-06-16 05:09:07.075250,subscription,5,5.07,25.35
txn_234,store_5,2025-05-07 14:43:59.745952,premium_item,4,2.28,9.12
txn_235,store_5,2025-04-27 05:38:52.568480,basic_item,5,3.66,18.3
txn_236,store_7,2025-07-05 13:42:48.413099,premium_item,2,6.24,12.48
txn_237,store_9,2025-05-08 14:31:04.802833,premium_item,4,2.38,9.52
txn_238,store_9,2025-06-08 22:51:15.196306,enterprise,2,7.04,14.08
txn_239,store_3,2025-06-11 04:33:24.882774,basic_item,4,2.02,8.08
txn_240,store_3,2025-05-24 04:13:07.200084,basic_item,4,3.48,13.92
txn_241,store_3,2025-06-07 23:25:29.979963,basic_item,2,6.45,12.9
txn_242,store_4,2025-06-02 11:54:12.654412,basic_item,3,3.9,11.7
txn_243,store_8,2025-07-09 13:39:30.118594,basic_item,1,2.61,2.61
txn_244,store_6,2025-05-04 19:53:33.793154,enterprise,5,4.16,20.8
txn_245,store_8,2025-06-19 21:40:01.701377,subscription,4,3.62,14.48
txn_246,store_1,2025-05-07 22:15:16.225980,premium_item,5,7.06,35.3
txn_247,store_8,2025-05-22 01:35:25.003089,basic_item,2,3.88,7.76
txn_248,store_4,2025-06-15 21:32:37.432179,subscription,5,6.73,33.65
txn_249,store_1,2025-05-13 10:41:11.550958,subscription,2,7.35,14.7
txn_250,store_8,2025-05-14 21:38:08.136654,premium_item,5,4.6,23.0
txn_251,store_4,2025-06-23 02:43:12.551459,enterprise,1,7.46,7.46
txn_252,store_6,2025-04-22 23:23:09.516745,one_time_service,1,4.26,4.26
txn_253,store_8,2025-05-27 16:35:22.482330,one_time_service,1,7.78,7.78
txn_254,store_4,2025-07-15 07:21:15.990533,subscription,1,2.54,2.54
txn_255,store_3,2025-07-15 02:15:40.236971,premium_item,1,6.12,6.12
txn_256,store_9,2025-04-23 00:56:09.625722,one_time_service,1,4.96,4.96
txn_257,store_3,2025-05-05 15:06:22.190641,subscription,2,4.33,8.66
txn_258,store_9,2025-05-10 07:31:32.683552,enterprise,4,5.8,23.2
txn_259,store_2,2025-07-09 10:31:59.181734,one_time_service,5,6.22,31.1
txn_260,store_2,2025-07-04 17:21:34.073042,subscription,1,2.03,2.03
txn_261,store_2,2025-07-04 13:54:59.664017,subscription,2,3.0,6.0
txn_262,store_6,2025-05-19 16:52:16.900492,basic_item,2,6.28,12.56
txn_263,store_3,2025-04-30 15:25:33.626869,enterprise,2,6.0,12.0
txn_264,store_9,2025-06-30 11:34:55.025740,basic_item,4,7.8,31.2
txn_265,store_4,2025-06-18 18:20:20.715941,premium_item,5,6.57,32.85
txn_266,store_1,2025-06-10 11:55:00.564748,basic_item,4,7.7,30.8
txn_267,store_4,2025-07-14 07:06:58.561263,basic_item,3,6.22,18.66
txn_268,store_1,2025-06-14 07:16:54.104984,one_time_service,2,3.79,7.58
txn_269,store_5,2025-04-17 03:35:26.739681,subscription,3,2.63,7.89
txn_270,store_4,2025-06-28 23:38:16.013126,enterprise,1,6.69,6.69
txn_271,store_8,2025-05-13 09:21:03.435575,basic_item,1,5.86,5.86
txn_272,store_8,2025-06-15 03:36:44.906046,enterprise,4,2.29,9.16
txn_273,store_7,2025-07-09 22:46:53.969008,basic_item,5,4.16,20.8
txn_274,store_3,2025-04-28 12:45:41.963995,premium_item,3,7.74,23.22
txn_275,store_1,2025-04-26 20:01:07.599652,basic_item,5,5.0,25.0
txn_276,store_1,2025-04-26 01:53:26.021143,one_time_service,4,4.6,18.4
txn_277,store_3,2025-06-05 05:39:21.289996,subscription,1,4.75,4.75
txn_278,store_6,2025-05-10 22:57:53.957437,premium_item,5,3.25,16.25
txn_279,store_7,2025-06-09 21:07:30.993465,basic_item,5,4.21,21.05
txn_280,store_6,2025-06-20 00:44:06.625670,enterprise,1,4.22,4.22
txn_281,store_6,2025-05-04 18:27:46.959138,premium_item,3,2.31,6.93
txn_282,store_6,2025-06-12 12:38:48.626772,premium_item,1,6.61,6.61
txn_283,store_3,2025-05-10 04:53:53.077560,basic_item,5,4.5,22.5
txn_284,store_6,2025-05-30 09:55:17.940798,premium_item,3,6.93,20.79
txn_285,store_8,2025-07-06 22:13:10.813118,enterprise,3,7.1,21.3
txn_286,store_2,2025-07-01 14:16:36.733067,premium_item,1,3.27,3.27
txn_287,store_5,2025-04-24 18:03:27.143421,enterprise,5,5.94,29.7
txn_288,store_1,2025-05-24 13:36:59.465944,basic_item,4,4.83,19.32
txn_289,store_1,2025-05-11 08:19:19.680098,subscription,5,7.28,36.4
txn_290,store_5,2025-04-16 18:21:05.536838,premium_item,2,3.29,6.58
txn_291,store_3,2025-06-24 20:18:37.336693,subscription,4,6.07,24.28
txn_292,store_4,2025-06-12 18:51:27.880389,enterprise,3,5.65,16.95
txn_293,store_3,2025-05-10 00:30:58.379183,premium_item,4,3.77,15.08
txn_294,store_1,2025-06-22 03:45:05.801809,one_time_service,3,2.82,8.46
txn_295,store_1,2025-06-05 02:19:21.213175,subscription,3,5.91,17.73
txn_296,store_5,2025-05-24 22:29:47.740491,premium_item,4,6.43,25.72
txn_297,store_6,2025-04-17 07:34:45.842652,subscription,3,3.89,11.67
txn_298,store_3,2025-04-23 05:13:10.514434,premium_item,3,5.87,17.61
txn_299,store_9,2025-07-04 22:12:09.572803,basic_item,2,4.37,8.74
txn_300,store_5,2025-07-06 19:10:42.830953,subscription,5,6.28,31.4
txn_301,store_8,2025-06-04 13:10:04.347366,one_time_service,5,3.2,16.0
txn_302,store_1,2025-06-30 13:25:05.133139,one_time_service,2,7.34,14.68
txn_303,store_5,2025-06-07 20:54:48.647531,enterprise,4,3.72,14.88
txn_304,store_3,2025-04-29 18:34:31.535080,premium_item,1,4.21,4.21
txn_305,store_1,2025-04-27 21:58:30.616446,subscription,1,2.35,2.35
txn_306,store_4,2025-05-14 04:31:51.187566,enterprise,1,2.67,2.67
txn_307,store_5,2025-07-06 08:29:34.314973,subscription,2,5.1,10.2
txn_308,store_7,2025-06-27 02:19:01.301321,premium_item,2,3.61,7.22
txn_309,store_1,2025-07-02 21:48:37.536152,one_time_service,3,7.01,21.03
txn_310,store_3,2025-07-06 08:22:12.232145,basic_item,1,2.09,2.09
txn_311,store_2,2025-05-05 08:27:29.420645,one_time_service,4,4.27,17.08
txn_312,store_9,2025-05-08 21:40:37.510714,enterprise,4,4.02,16.08
txn_313,store_10,2025-04-25 16:43:37.460638,basic_item,1,2.12,2.12
txn_314,store_6,2025-06-25 15:44:38.155312,enterprise,1,2.75,2.75
txn_315,store_10,2025-07-05 00:25:25.697004,premium_item,1,4.48,4.48
txn_316,store_3,2025-05-23 00:28:04.841857,basic_item,2,4.96,9.92
txn_317,store_8,2025-06-11 07:19:18.161455,enterprise,2,4.43,8.86
txn_318,store_8,2025-04-30 08:31:41.017395,premium_item,2,5.19,10.38
txn_319,store_2,2025-07-09 03:14:09.036560,one_time_service,5,5.57,27.85
txn_320,store_6,2025-07-03 06:14:28.152333,premium_item,4,2.06,8.24
txn_321,store_7,2025-07-13 07:17:52.370599,subscription,4,4.78,19.12
txn_322,store_2,2025-06-28 09:57:35.152786,premium_item,3,7.78,23.34
txn_323,store_10,2025-07-04 18:33:06.665992,premium_item,2,5.11,10.22
txn_324,store_2,2025-04-18 16:13:53.008651,subscription,5,6.07,30.35
txn_325,store_10,2025-06-21 17:40:19.590900,enterprise,5,3.87,19.35
txn_326,store_1,2025-05-16 08:12:48.457285,enterprise,4,6.64,26.56
txn_327,store_8,2025-07-09 05:15:18.588447,premium_item,2,6.64,13.28
txn_328,store_1,2025-06-27 15:31:14.698911,subscription,3,5.13,15.39
txn_329,store_9,2025-07-03 05:04:16.143183,subscription,2,7.86,15.72
txn_330,store_6,2025-06-28 09:54:40.944220,one_time_service,1,2.75,2.75
txn_331,store_7,2025-05-10 10:59:35.456346,enterprise,2,2.1,4.2
txn_332,store_10,2025-06-26 07:25:18.441577,basic_item,1,6.62,6.62
txn_333,store_7,2025-04-26 04:10:45.849451,enterprise,1,6.84,6.84
txn_334,store_10,2025-07-03 22:34:23.162421,enterprise,3,2.72,8.16
txn_335,store_3,2025-07-02 17:15:15.380946,one_time_service,4,3.59,14.36
txn_336,store_2,2025-05-06 11:08:58.846180,basic_item,2,2.11,4.22
txn_337,store_9,2025-06-28 22:31:11.703668,one_time_service,1,3.76,3.76
txn_338,store_8,2025-05-27 20:56:52.211410,basic_item,2,6.64,13.28
txn_339,store_10,2025-05-13 21:54:18.442973,premium_item,4,5.11,20.44
txn_340,store_7,2025-06-27 00:38:20.859962,basic_item,4,4.09,16.36
txn_341,store_9,2025-05-06 22:17:56.768633,one_time_service,5,4.23,21.15
txn_342,store_4,2025-04-18 13:48:28.902790,enterprise,4,2.01,8.04
txn_343,store_4,2025-05-03 19:51:11.492589,basic_item,3,3.8,11.4
txn_344,store_1,2025-05-15 23:44:19.191067,basic_item,1,5.88,5.88
txn_345,store_8,2025-07-03 05:41:42.735783,subscription,5,7.85,39.25
txn_346,store_3,2025-07-12 11:10:23.931637,enterprise,3,7.08,21.24
txn_347,store_7,2025-05-11 13:36:10.201963,premium_item,2,2.14,4.28
txn_348,store_2,2025-06-13 04:17:36.257972,one_time_service,1,7.39,7.39
txn_349,store_2,2025-05-22 09:59:53.375344,premium_item,4,6.7,26.8
txn_350,store_7,2025-07-13 17:58:34.226215,enterprise,1,6.68,6.68
txn_351,store_6,2025-06-03 16:55:07.794317,basic_item,2,4.75,9.5
txn_352,store_3,2025-07-09 23:26:42.261728,basic_item,5,4.39,21.95
txn_353,store_9,2025-04-26 19:49:51.720961,enterprise,5,3.82,19.1
txn_354,store_10,2025-07-12 18:45:29.409875,basic_item,5,2.39,11.95
txn_355,store_6,2025-05-02 12:23:57.597124,basic_item,4,3.37,13.48
txn_356,store_10,2025-07-12 01:46:01.097930,basic_item,3,3.48,10.44
txn_357,store_10,2025-05-10 08:06:00.693548,one_time_service,3,4.9,14.7
txn_358,store_6,2025-04-26 04:50:32.465712,one_time_service,1,6.48,6.48
txn_359,store_1,2025-05-25 13:21:02.045170,subscription,4,4.84,19.36
txn_360,store_4,2025-06-21 00:21:00.650208,premium_item,5,2.35,11.75
txn_361,store_10,2025-05-14 16:14:09.053754,enterprise,5,7.75,38.75
txn_362,store_6,2025-06-10 00:06:14.301884,enterprise,2,7.66,15.32
txn_363,store_6,2025-06-01 11:21:59.970566,enterprise,2,6.71,13.42
txn_364,store_5,2025-05-21 02:42:53.948266,subscription,5,7.95,39.75
txn_365,store_1,2025-06-07 08:07:22.884808,one_time_service,5,5.27,26.35
txn_366,store_8,2025-05-09 08:53:36.466313,subscription,4,7.78,31.12
txn_367,store_5,2025-06-19 05:40:08.625675,enterprise,3,2.45,7.35
txn_368,store_5,2025-04-16 14:20:45.638010,premium_item,2,4.19,8.38
txn_369,store_7,2025-07-08 17:56:06.745504,basic_item,3,3.35,10.05
txn_370,store_4,2025-06-03 21:44:56.987978,one_time_service,4,3.17,12.68
txn_371,store_6,2025-06-20 04:39:41.931936,one_time_service,5,2.84,14.2
txn_372,store_4,2025-06-22 05:18:18.063867,subscription,3,5.73,17.19
txn_373,store_3,2025-06-15 19:15:01.509059,one_time_service,5,6.69,33.45
txn_374,store_7,2025-05-19 05:24:40.423160,enterprise,5,5.47,27.35
txn_375,store_8,2025-04-22 17:50:10.613908,enterprise,1,2.88,2.88
txn_376,store_4,2025-06-15 05:26:46.496461,subscription,3,6.87,20.61
txn_377,store_2,2025-05-16 03:55:29.738859,enterprise,3,5.82,17.46
txn_378,store_10,2025-05-14 16:45:02.314567,premium_item,5,4.33,21.65
txn_379,store_3,2025-07-01 18:24:21.072036,subscription,4,6.04,24.16
txn_380,store_1,2025-06-20 05:21:43.407792,premium_item,1,3.56,3.56
txn_381,store_8,2025-05-13 11:23:20.216207,basic_item,5,4.07,20.35
txn_382,store_3,2025-05-14 06:44:51.791932,premium_item,2,7.5,15.0
txn_383,store_10,2025-05-23 04:49:17.516022,basic_item,2,3.74,7.48
txn_384,store_7,2025-05-22 15:52:39.668361,basic_item,1,4.82,4.82
txn_385,store_10,2025-05-13 01:18:29.113443,premium_item,4,7.34,29.36
txn_386,store_5,2025-04-27 21:38:04.184086,subscription,5,6.25,31.25
txn_387,store_10,2025-05-24 06:51:24.950022,enterprise,3,2.37,7.11
txn_388,store_5,2025-07-10 01:52:42.162203,enterprise,1,2.88,2.88
txn_389,store_7,2025-06-16 09:41:58.601047,basic_item,4,2.05,8.2
txn_390,store_9,2025-07-06 16:45:10.182224,basic_item,3,5.79,17.37
txn_391,store_5,2025-06-10 20:12:18.245047,subscription,2,4.69,9.38
txn_392,store_1,2025-05-13 12:44:40.483231,one_time_service,2,2.81,5.62
txn_393,store_10,2025-06-04 18:14:14.027954,premium_item,3,7.75,23.25
txn_394,store_10,2025-04-16 11:34:10.845698,basic_item,1,5.18,5.18
txn_395,store_1,2025-05-12 06:25:35.320986,enterprise,2,3.45,6.9
txn_396,store_2,2025-05-25 03:15:04.512935,subscription,5,5.0,25.0
txn_397,store_6,2025-06-07 15:27:35.917193,premium_item,3,6.08,18.24
txn_398,store_9,2025-06-14 08:51:25.188532,subscription,3,2.46,7.38
txn_399,store_8,2025-05-28 07:04:02.425978,premium_item,2,3.65,7.3
txn_400,store_5,2025-05-26 05:45:28.858013,premium_item,1,6.84,6.84
txn_401,store_1,2025-05-05 16:17:16.352711,basic_item,5,4.76,23.8
txn_402,store_7,2025-05-29 00:46:30.040252,subscription,1,5.28,5.28
txn_403,store_5,2025-07-06 13:14:36.360263,subscription,4,4.6,18.4
txn_404,store_6,2025-06-27 02:06:22.793370,enterprise,4,2.26,9.04
txn_405,store_7,2025-05-01 17:13:34.555461,enterprise,2,2.99,5.98
txn_406,store_3,2025-04-24 01:51:04.352201,basic_item,2,4.67,9.34
txn_407,store_10,2025-06-01 20:04:09.087728,basic_item,2,3.26,6.52
txn_408,store_3,2025-06-12 09:50:42.353063,one_time_service,4,2.3,9.2
txn_409,store_5,2025-05-16 14:41:58.132696,enterprise,1,7.06,7.06
txn_410,store_6,2025-06-29 02:29:15.118868,premium_item,1,7.89,7.89
txn_411,store_9,2025-06-23 01:09:04.416149,subscription,2,6.76,13.52
txn_412,store_5,2025-06-15 23:55:53.392886,basic_item,5,7.12,35.6
txn_413,store_1,2025-05-06 15:55:00.077429,subscription,1,3.45,3.45
txn_414,store_4,2025-05-04 08:48:48.615517,subscription,4,7.76,31.04
txn_415,store_5,2025-04-18 15:27:06.073600,one_time_service,3,3.18,9.54
txn_416,store_10,2025-05-08 11:33:09.881390,enterprise,3,7.71,23.13
txn_417,store_10,2025-05-29 04:59:14.471284,basic_item,3,7.97,23.91
txn_418,store_5,2025-07-01 22:07:34.572042,subscription,5,6.27,31.35
txn_419,store_7,2025-04-23 00:00:06.568780,basic_item,2,7.89,15.78
txn_420,store_4,2025-05-23 17:53:07.560160,premium_item,4,5.42,21.68
txn_421,store_1,2025-06-12 02:59:09.859259,one_time_service,5,3.56,17.8
txn_422,store_5,2025-05-03 22:40:22.659532,premium_item,4,4.62,18.48
txn_423,store_7,2025-06-18 02:49:04.910460,basic_item,4,5.56,22.24
txn_424,store_10,2025-05-30 22:32:51.124872,basic_item,2,2.44,4.88
txn_425,store_10,2025-05-08 09:41:57.260810,enterprise,3,5.73,17.19
txn_426,store_6,2025-06-14 11:46:41.353054,subscription,2,7.89,15.78
txn_427,store_5,2025-04-16 22:40:10.764491,subscription,5,3.14,15.7
txn_428,store_4,2025-06-23 00:46:34.028837,premium_item,5,6.76,33.8
txn_429,store_2,2025-06-24 17:59:33.421004,one_time_service,5,7.45,37.25
txn_430,store_4,2025-04-26 00:55:17.076731,subscription,2,7.66,15.32
txn_431,store_10,2025-05-24 17:00:31.062754,enterprise,4,7.76,31.04
txn_432,store_10,2025-05-02 06:36:29.095606,premium_item,4,5.13,20.52
txn_433,store_3,2025-07-11 15:53:58.203424,premium_item,1,7.86,7.86
txn_434,store_10,2025-06-02 01:28:53.726111,enterprise,5,6.54,32.7
txn_435,store_1,2025-04-20 23:09:52.421515,one_time_service,4,2.97,11.88
txn_436,store_8,2025-05-08 20:57:40.081298,enterprise,1,4.86,4.86
txn_437,store_5,2025-07-01 19:05:57.695671,one_time_service,4,6.31,25.24
txn_438,store_4,2025-05-27 12:39:01.413521,enterprise,5,3.48,17.4
txn_439,store_8,2025-06-27 13:45:09.753658,enterprise,3,5.84,17.52
txn_440,store_7,2025-06-15 12:39:38.707258,basic_item,5,6.0,30.0
txn_441,store_2,2025-07-14 08:32:25.973714,premium_item,2,2.98,5.96
txn_442,store_1,2025-06-09 00:52:11.487088,enterprise,4,5.39,21.56
txn_443,store_4,2025-07-10 22:46:42.253925,enterprise,4,6.63,26.52
txn_444,store_8,2025-07-05 16:10:22.257774,subscription,2,4.99,9.98
txn_445,store_2,2025-06-10 14:01:18.720468,premium_item,2,2.07,4.14
txn_446,store_3,2025-06-20 04:19:28.581556,subscription,3,2.05,6.15
txn_447,store_1,2025-05-31 21:00:49.268350,premium_item,4,4.14,16.56
txn_448,store_1,2025-06-30 04:43:20.122431,subscription,4,7.56,30.24
txn_449,store_3,2025-06-04 18:05:46.546628,enterprise,3,3.37,10.11
txn_450,store_5,2025-07-06 04:39:44.469421,enterprise,1,5.81,5.81
txn_451,store_3,2025-06-22 08:59:18.976913,basic_item,3,3.33,9.99
txn_452,store_1,2025-05-29 03:59:22.679418,subscription,5,3.93,19.65
txn_453,store_1,2025-05-09 18:32:47.739546,one_time_service,4,7.09,28.36
txn_454,store_8,2025-05-08 16:43:50.457558,basic_item,2,6.37,12.74
txn_455,store_10,2025-06-12 20:02:29.591056,subscription,5,2.57,12.85
txn_456,store_2,2025-06-24 08:51:01.467781,subscription,4,4.57,18.28
txn_457,store_3,2025-06-02 08:42:01.603237,basic_item,3,2.18,6.54
txn_458,store_2,2025-06-11 20:28:10.104659,enterprise,5,4.89,24.45
txn_459,store_3,2025-05-11 03:49:24.005920,subscription,4,5.97,23.88
txn_460,store_7,2025-04-23 10:03:24.818343,enterprise,1,2.71,2.71
txn_461,store_1,2025-05-12 03:51:56.359804,basic_item,1,3.73,3.73
txn_462,store_10,2025-05-10 21:35:50.931364,enterprise,2,4.39,8.78
txn_463,store_8,2025-05-15 05:15:55.862718,premium_item,4,7.52,30.08
txn_464,store_10,2025-06-04 01:25:17.940999,one_time_service,1,7.96,7.96
txn_465,store_10,2025-04-28 21:34:50.961046,subscription,3,2.27,6.81
txn_466,store_10,2025-05-07 06:13:03.525064,one_time_service,4,6.57,26.28
txn_467,store_2,2025-06-17 21:37:27.999136,enterprise,3,4.23,12.69
txn_468,store_3,2025-06-19 00:33:29.504517,subscription,3,4.35,13.05
txn_469,store_9,2025-04-22 05:25:37.801852,enterprise,1,6.53,6.53
txn_470,store_7,2025-05-23 03:06:26.957230,premium_item,4,7.51,30.04
txn_471,store_4,2025-06-04 06:43:58.487262,basic_item,5,7.71,38.55
txn_472,store_10,2025-05-23 20:45:54.703091,subscription,1,5.46,5.46
txn_473,store_5,2025-05-05 01:27:18.471570,premium_item,1,4.14,4.14
txn_474,store_2,2025-05-24 06:12:10.252913,premium_item,4,6.73,26.92
txn_475,store_8,2025-07-06 21:08:38.266282,subscription,4,3.51,14.04
txn_476,store_4,2025-06-08 00:18:15.783562,enterprise,3,5.38,16.14
txn_477,store_9,2025-06-18 01:01:21.001719,premium_item,4,4.15,16.6
txn_478,store_5,2025-07-02 13:14:02.541907,one_time_service,3,5.94,17.82
txn_479,store_9,2025-06-24 08:22:37.682607,premium_item,1,3.44,3.44
txn_480,store_4,2025-05-20 16:18:57.139656,enterprise,2,3.15,6.3
txn_481,store_10,2025-04-16 23:25:42.204664,enterprise,5,7.51,37.55
txn_482,store_5,2025-05-18 02:29:30.708292,one_time_service,1,2.61,2.61
txn_483,store_9,2025-06-23 06:11:56.831180,premium_item,4,5.04,20.16
txn_484,store_8,2025-07-02 06:08:25.522344,enterprise,5,3.33,16.65
txn_485,store_3,2025-07-11 06:06:08.570664,subscription,2,2.23,4.46
txn_486,store_1,2025-05-24 03:46:43.752451,basic_item,2,2.22,4.44
txn_487,store_3,2025-06-22 17:19:36.100696,basic_item,3,3.05,9.15
txn_488,store_4,2025-06-04 14:20:19.099214,basic_item,5,7.2,36.0
txn_489,store_2,2025-06-09 17:43:06.390332,premium_item,3,3.69,11.07
txn_490,store_1,2025-05-06 07:03:23.145788,one_time_service,1,7.7,7.7
txn_491,store_7,2025-05-06 04:38:36.889543,enterprise,5,5.49,27.45
txn_492,store_8,2025-05-25 16:05:54.808467,subscription,1,4.62,4.62
txn_493,store_7,2025-04-19 01:23:11.258635,subscription,3,5.48,16.44
txn_494,store_5,2025-05-16 16:43:57.590529,premium_item,5,5.1,25.5
txn_495,store_1,2025-06-16 13:38:21.556712,basic_item,3,6.55,19.65
txn_496,store_7,2025-05-22 20:01:00.677947,premium_item,5,3.69,18.45
txn_497,store_7,2025-05-01 07:11:22.088572,one_time_service,3,4.12,12.36
txn_498,store_9,2025-05-28 12:15:20.059165,one_time_service,2,7.36,14.72
txn_499,store_3,2025-04-27 22:22:08.010394,enterprise,3,7.68,23.04
txn_500,store_9,2025-06-11 10:46:04.387272,enterprise,2,7.36,14.72
txn_501,store_1,2025-04-18 20:56:25.388752,one_time_service,3,4.52,13.56
txn_502,store_1,2025-05-21 21:46:35.772037,one_time_service,5,6.68,33.4
txn_503,store_4,2025-06-06 05:46:46.318742,one_time_service,5,4.86,24.3
txn_504,store_9,2025-04-18 21:13:59.771084,premium_item,5,4.99,24.95
txn_505,store_6,2025-06-13 07:01:55.521664,one_time_service,4,3.23,12.92
txn_506,store_3,2025-04-28 15:48:13.471449,subscription,1,5.55,5.55
txn_507,store_1,2025-05-27 23:57:41.359690,basic_item,5,3.12,15.6
txn_508,store_4,2025-04-20 23:18:27.568754,one_time_service,2,3.99,7.98
txn_509,store_9,2025-05-20 13:33:25.906675,basic_item,5,7.13,35.65
txn_510,store_3,2025-05-05 11:52:44.628777,premium_item,4,3.24,12.96
txn_511,store_9,2025-05-15 20:40:47.237507,basic_item,2,2.43,4.86
txn_512,store_7,2025-06-23 22:56:56.467335,premium_item,4,2.41,9.64
txn_513,store_4,2025-05-20 13:36:19.710979,subscription,2,7.64,15.28
txn_514,store_3,2025-06-23 03:02:02.646716,premium_item,3,5.04,15.12
txn_515,store_10,2025-06-30 07:38:57.500122,premium_item,1,4.46,4.46
txn_516,store_5,2025-05-09 03:35:57.689896,enterprise,1,6.87,6.87
txn_517,store_5,2025-04-23 19:36:37.124712,one_time_service,4,7.01,28.04
txn_518,store_3,2025-04-18 04:33:38.698859,one_time_service,1,3.99,3.99
txn_519,store_9,2025-06-03 23:50:16.775405,subscription,4,6.16,24.64
txn_520,store_4,2025-07-15 10:29:37.533249,subscription,4,6.63,26.52
txn_521,store_5,2025-05-17 22:36:25.891530,one_time_service,4,5.93,23.72
txn_522,store_4,2025-06-13 23:00:14.727874,enterprise,1,2.91,2.91
txn_523,store_5,2025-06-25 18:09:22.452538,one_time_service,4,7.26,29.04
txn_524,store_7,2025-06-14 02:28:58.457942,enterprise,1,5.23,5.23
txn_525,store_9,2025-06-23 07:50:11.653534,subscription,4,3.69,14.76
txn_526,store_7,2025-07-10 21:51:15.092367,basic_item,5,4.55,22.75
txn_527,store_5,2025-05-04 09:18:42.924820,subscription,4,2.23,8.92
txn_528,store_10,2025-04-18 06:42:49.273453,subscription,2,2.77,5.54
txn_529,store_10,2025-04-30 03:50:19.379594,premium_item,4,6.59,26.36
txn_530,store_7,2025-04-27 19:19:48.559394,premium_item,3,2.0,6.0
txn_531,store_10,2025-06-15 16:43:26.234538,premium_item,4,4.5,18.0
txn_532,store_5,2025-06-06 04:52:01.727862,premium_item,2,5.14,10.28
txn_533,store_3,2025-05-06 01:29:46.528865,enterprise,2,2.33,4.66
txn_534,store_7,2025-06-18 09:32:13.875187,one_time_service,1,7.84,7.84
txn_535,store_2,2025-06-24 11:11:33.871596,basic_item,5,3.36,16.8
txn_536,store_9,2025-05-01 13:07:02.637607,subscription,4,3.83,15.32
txn_537,store_10,2025-06-10 02:20:50.771276,enterprise,1,3.82,3.82
txn_538,store_10,2025-06-22 18:12:44.128386,basic_item,5,3.38,16.9
txn_539,store_1,2025-04-26 18:05:01.866624,enterprise,4,2.01,8.04
txn_540,store_6,2025-06-29 04:23:00.190227,enterprise,3,6.38,19.14
txn_541,store_7,2025-07-12 06:29:22.989898,subscription,4,7.8,31.2
txn_542,store_8,2025-04-26 04:11:10.136124,one_time_service,2,3.35,6.7
txn_543,store_10,2025-04-18 18:09:29.695455,premium_item,2,5.98,11.96
txn_544,store_9,2025-05-14 12:31:13.791201,one_time_service,3,6.45,19.35
txn_545,store_2,2025-06-16 09:45:46.761339,subscription,1,7.09,7.09
txn_546,store_10,2025-07-11 16:20:46.248680,subscription,5,4.54,22.7
txn_547,store_2,2025-05-22 03:27:59.196025,subscription,4,3.82,15.28
txn_548,store_5,2025-06-19 19:07:28.605258,basic_item,2,3.95,7.9
txn_549,store_5,2025-04-23 06:50:42.870502,one_time_service,1,6.28,6.28
txn_550,store_6,2025-06-17 14:25:11.957091,one_time_service,3,6.9,20.7
txn_551,store_3,2025-06-11 21:32:11.126990,enterprise,2,3.09,6.18
txn_552,store_8,2025-04-25 14:47:58.809945,enterprise,3,4.23,12.69
txn_553,store_1,2025-06-24 23:15:05.620179,enterprise,4,7.41,29.64
txn_554,store_6,2025-07-01 23:19:34.485954,subscription,5,6.84,34.2
txn_555,store_4,2025-06-09 11:34:54.975616,one_time_service,2,7.91,15.82
txn_556,store_1,2025-04-27 08:10:18.444765,subscription,2,6.53,13.06
txn_557,store_7,2025-07-13 23:47:47.936181,basic_item,4,4.36,17.44
txn_558,store_9,2025-06-25 21:11:06.712107,enterprise,1,5.54,5.54
txn_559,store_4,2025-05-17 16:39:10.737843,subscription,5,5.97,29.85
txn_560,store_4,2025-05-24 23:59:21.689719,subscription,2,2.47,4.94
txn_561,store_6,2025-05-19 19:07:33.392279,basic_item,5,5.27,26.35
txn_562,store_3,2025-05-31 23:34:05.359337,premium_item,2,6.26,12.52
txn_563,store_6,2025-05-17 03:45:07.874530,one_time_service,5,3.0,15.0
txn_564,store_7,2025-07-01 21:46:34.334359,premium_item,3,6.68,20.04
txn_565,store_10,2025-06-29 10:55:39.477879,enterprise,2,5.5,11.0
txn_566,store_10,2025-04-25 22:39:24.516940,subscription,5,7.71,38.55
txn_567,store_3,2025-07-11 21:59:38.381474,basic_item,1,2.25,2.25
txn_568,store_7,2025-06-12 15:33:24.043859,basic_item,3,3.59,10.77
txn_569,store_3,2025-06-30 00:42:02.309171,one_time_service,3,5.61,16.83
txn_570,store_2,2025-06-19 02:28:46.272275,premium_item,1,3.78,3.78
txn_571,store_10,2025-05-25 15:20:42.298397,one_time_service,5,6.29,31.45
txn_572,store_4,2025-06-21 11:41:26.542827,subscription,4,6.55,26.2
txn_573,store_8,2025-07-12 08:06:57.992927,one_time_service,1,2.62,2.62
txn_574,store_9,2025-05-10 18:04:14.973129,basic_item,5,5.08,25.4
txn_575,store_7,2025-06-28 04:24:11.384263,basic_item,1,5.05,5.05
txn_576,store_1,2025-06-03 21:08:46.779365,enterprise,1,4.22,4.22
txn_577,store_3,2025-05-29 23:02:50.849020,enterprise,2,7.6,15.2
txn_578,store_9,2025-05-25 15:32:01.516423,subscription,5,6.97,34.85
txn_579,store_1,2025-06-21 05:42:34.101263,premium_item,4,6.18,24.72
txn_580,store_9,2025-05-10 14:25:37.962698,one_time_service,2,6.29,12.58
txn_581,store_8,2025-07-02 02:23:35.791138,subscription,1,4.77,4.77
txn_582,store_1,2025-06-30 05:04:18.661722,enterprise,1,7.53,7.53
txn_583,store_6,2025-04-24 05:53:04.954111,one_time_service,1,6.17,6.17
txn_584,store_5,2025-07-04 19:00:58.345637,enterprise,5,6.37,31.85
txn_585,store_6,2025-05-08 09:26:16.361981,one_time_service,5,7.17,35.85
txn_586,store_10,2025-05-28 06:27:47.295140,premium_item,2,3.64,7.28
txn_587,store_5,2025-06-10 09:00:33.590931,subscription,4,6.84,27.36
txn_588,store_6,2025-05-20 13:18:35.087737,one_time_service,2,3.17,6.34
txn_589,store_5,2025-04-19 00:41:05.441496,basic_item,3,4.07,12.21
txn_590,store_5,2025-07-02 00:45:03.514004,basic_item,1,4.01,4.01
txn_591,store_4,2025-05-02 19:28:00.988096,one_time_service,1,7.87,7.87
txn_592,store_3,2025-05-05 12:52:18.213837,one_time_service,1,7.14,7.14
txn_593,store_3,2025-06-27 06:00:38.665536,one_time_service,2,6.21,12.42
txn_594,store_4,2025-05-17 01:49:29.103287,basic_item,2,6.36,12.72
txn_595,store_9,2025-07-04 16:11:02.421443,basic_item,1,5.37,5.37
txn_596,store_2,2025-06-18 13:14:59.101428,one_time_service,2,7.68,15.36
txn_597,store_9,2025-05-11 07:25:58.703925,enterprise,5,4.98,24.9
txn_598,store_1,2025-04-17 08:37:09.324721,enterprise,5,4.28,21.4
txn_599,store_1,2025-07-10 18:30:28.863642,premium_item,2,2.98,5.96
txn_600,store_5,2025-04-24 03:37:00.651034,subscription,1,6.72,6.72
txn_601,store_6,2025-06-20 06:03:14.846924,enterprise,2,6.41,12.82
txn_602,store_6,2025-05-30 10:01:15.595947,basic_item,2,4.31,8.62
txn_603,store_3,2025-06-23 16:19:42.604332,enterprise,2,2.15,4.3
txn_604,store_7,2025-06-17 14:24:32.482389,premium_item,3,7.03,21.09
txn_605,store_9,2025-06-13 13:50:35.207240,premium_item,5,2.07,10.35
txn_606,store_10,2025-05-30 14:52:00.960426,subscription,4,6.22,24.88
txn_607,store_8,2025-06-26 19:25:40.241453,enterprise,4,7.82,31.28
txn_608,store_6,2025-04-24 19:41:17.112770,basic_item,3,4.63,13.89
txn_609,store_8,2025-05-06 09:20:27.868932,basic_item,2,3.41,6.82
txn_610,store_5,2025-06-17 16:57:11.178434,one_time_service,3,6.23,18.69
txn_611,store_8,2025-05-14 00:05:52.349152,basic_item,3,6.9,20.7
txn_612,store_10,2025-06-07 18:51:10.490405,subscription,1,5.28,5.28
txn_613,store_4,2025-05-29 00:56:07.819456,subscription,5,7.8,39.0
txn_614,store_10,2025-06-03 05:29:03.195452,basic_item,4,2.31,9.24
txn_615,store_8,2025-05-24 17:46:51.906460,basic_item,2,5.03,10.06
txn_616,store_10,2025-06-22 13:54:48.214751,one_time_service,4,6.31,25.24
txn_617,store_2,2025-05-16 05:12:07.385862,basic_item,4,7.18,28.72
txn_618,store_5,2025-06-18 16:51:34.289304,one_time_service,5,3.08,15.4
txn_619,store_9,2025-05-10 19:52:20.395035,one_time_service,4,6.8,27.2
txn_620,store_4,2025-05-09 01:43:29.245008,basic_item,4,5.32,21.28
txn_621,store_6,2025-04-27 07:18:34.418704,premium_item,3,4.38,13.14
txn_622,store_1,2025-05-03 18:40:29.724750,premium_item,5,2.79,13.95
txn_623,store_9,2025-04-27 04:55:51.926871,one_time_service,1,7.19,7.19
txn_624,store_1,2025-06-03 16:09:32.453698,basic_item,2,2.94,5.88
txn_625,store_5,2025-06-24 01:01:20.662223,premium_item,4,3.86,15.44
txn_626,store_4,2025-05-03 02:36:59.433671,basic_item,2,3.74,7.48
txn_627,store_3,2025-05-05 22:05:01.218573,basic_item,1,7.23,7.23
txn_628,store_6,2025-05-30 00:33:42.473044,basic_item,2,6.04,12.08
txn_629,store_2,2025-06-20 15:47:47.227379,enterprise,1,6.78,6.78
txn_630,store_3,2025-07-13 08:09:50.468820,basic_item,3,3.5,10.5
txn_631,store_5,2025-06-02 15:54:30.553070,enterprise,4,5.75,23.0
txn_632,store_9,2025-05-11 21:58:12.175548,one_time_service,1,5.43,5.43
txn_633,store_2,2025-04-25 11:49:45.275397,premium_item,2,7.0,14.0
txn_634,store_10,2025-05-03 21:59:12.546120,premium_item,4,7.44,29.76
txn_635,store_8,2025-05-06 22:03:23.338126,premium_item,3,2.07,6.21
txn_636,store_2,2025-05-02 14:17:11.702584,premium_item,4,6.04,24.16
txn_637,store_5,2025-04-17 17:15:11.962670,premium_item,1,2.31,2.31
txn_638,store_7,2025-06-03 12:25:28.713034,premium_item,3,5.29,15.87
txn_639,store_8,2025-05-11 03:12:19.135957,premium_item,2,3.73,7.46
txn_640,store_1,2025-07-13 03:10:11.643146,one_time_service,3,3.84,11.52
txn_641,store_6,2025-06-05 05:56:53.584718,basic_item,3,4.12,12.36
txn_642,store_1,2025-06-18 05:06:51.906163,subscription,5,5.73,28.65
txn_643,store_2,2025-04-27 19:27:23.596139,enterprise,3,4.0,12.0
txn_644,store_1,2025-07-03 14:34:08.528812,subscription,3,6.4,19.2
txn_645,store_5,2025-05-30 14:59:26.987513,subscription,4,4.43,17.72
txn_646,store_10,2025-07-03 23:46:02.918246,basic_item,2,2.41,4.82
txn_647,store_9,2025-06-07 02:40:17.630713,basic_item,4,6.7,26.8
txn_648,store_6,2025-05-28 16:35:24.902679,basic_item,4,3.71,14.84
txn_649,store_1,2025-05-26 02:06:19.633206,premium_item,1,4.6,4.6
txn_650,store_1,2025-05-03 00:55:06.159854,one_time_service,4,6.11,24.44
txn_651,store_2,2025-04-21 01:39:59.611722,premium_item,5,3.99,19.95
txn_652,store_9,2025-07-10 03:23:24.787373,one_time_service,5,2.34,11.7
txn_653,store_3,2025-05-29 10:35:16.419083,one_time_service,1,4.24,4.24
txn_654,store_1,2025-06-29 10:27:45.516754,subscription,2,7.67,15.34
txn_655,store_5,2025-05-22 12:13:15.329858,subscription,2,5.85,11.7
txn_656,store_7,2025-04-23 02:42:37.214816,one_time_service,4,6.03,24.12
txn_657,store_6,2025-06-12 02:17:44.076168,one_time_service,4,5.79,23.16
txn_658,store_1,2025-04-21 06:29:18.420609,premium_item,4,3.19,12.76
txn_659,store_5,2025-04-29 20:57:34.675778,premium_item,2,4.51,9.02
txn_660,store_5,2025-06-06 02:25:34.965842,subscription,3,6.51,19.53
txn_661,store_6,2025-05-13 18:58:39.198998,basic_item,5,2.61,13.05
txn_662,store_3,2025-07-14 21:33:21.581110,one_time_service,3,3.67,11.01
txn_663,store_5,2025-04-27 02:32:53.606671,premium_item,3,3.66,10.98
txn_664,store_7,2025-06-24 05:53:26.489773,subscription,2,4.59,9.18
txn_665,store_5,2025-06-10 00:20:20.314983,premium_item,3,7.88,23.64
txn_666,store_5,2025-06-26 14:41:34.951781,one_time_service,1,2.41,2.41
txn_667,store_5,2025-05-06 18:10:37.436737,one_time_service,4,5.11,20.44
txn_668,store_10,2025-06-02 11:26:58.292093,enterprise,1,3.08,3.08
txn_669,store_10,2025-05-26 23:48:14.737896,basic_item,5,7.82,39.1
txn_670,store_3,2025-05-26 06:58:12.786177,enterprise,4,2.68,10.72
txn_671,store_1,2025-07-02 20:39:10.252388,subscription,3,4.42,13.26
txn_672,store_5,2025-07-14 13:09:37.340315,premium_item,5,6.43,32.15
txn_673,store_9,2025-05-13 22:18:51.038753,subscription,4,6.23,24.92
txn_674,store_1,2025-06-11 08:06:42.707584,one_time_service,3,4.54,13.62
txn_675,store_3,2025-06-10 07:29:44.232546,enterprise,1,4.08,4.08
txn_676,store_4,2025-06-22 01:17:08.698377,enterprise,4,4.39,17.56
txn_677,store_1,2025-07-10 17:29:15.656660,enterprise,3,3.59,10.77
txn_678,store_1,2025-05-05 03:30:53.014615,subscription,1,3.23,3.23
txn_679,store_8,2025-05-05 10:30:26.177627,one_time_service,5,4.9,24.5
txn_680,store_2,2025-06-14 21:13:03.453738,premium_item,5,3.61,18.05
txn_681,store_8,2025-04-30 13:56:10.217064,premium_item,5,3.72,18.6
txn_682,store_7,2025-05-02 02:07:48.410722,subscription,5,5.94,29.7
txn_683,store_10,2025-04-23 04:49:58.679512,enterprise,2,7.81,15.62
txn_684,store_10,2025-04-16 16:28:20.677897,basic_item,4,5.62,22.48
txn_685,store_2,2025-05-26 23:46:51.066046,subscription,4,2.46,9.84
txn_686,store_6,2025-06-08 21:19:30.112190,subscription,2,2.45,4.9
txn_687,store_6,2025-05-12 15:48:46.490446,one_time_service,3,7.71,23.13
txn_688,store_3,2025-05-07 06:40:53.458850,premium_item,3,3.78,11.34
txn_689,store_2,2025-06-19 01:43:02.792082,subscription,5,2.55,12.75
txn_690,store_1,2025-06-18 17:08:45.510681,subscription,1,5.59,5.59
txn_691,store_6,2025-05-27 07:24:01.853086,enterprise,3,5.74,17.22
txn_692,store_5,2025-06-17 07:26:39.397420,enterprise,1,5.89,5.89
txn_693,store_9,2025-07-08 14:20:26.540843,basic_item,4,3.6,14.4
txn_694,store_1,2025-06-26 08:24:04.994153,one_time_service,1,2.09,2.09
txn_695,store_7,2025-06-11 16:49:05.322659,basic_item,4,7.79,31.16
txn_696,store_5,2025-06-14 22:50:53.600178,enterprise,2,3.51,7.02
txn_697,store_5,2025-07-09 11:25:00.191824,premium_item,2,6.06,12.12
txn_698,store_2,2025-05-24 16:59:34.859379,enterprise,5,6.24,31.2
txn_699,store_3,2025-06-04 10:56:51.315807,one_time_service,3,5.66,16.98
txn_700,store_7,2025-06-13 17:35:01.868132,enterprise,5,3.88,19.4
txn_701,store_6,2025-07-07 04:51:41.656929,one_time_service,4,3.63,14.52
txn_702,store_2,2025-06-29 20:12:58.156396,one_time_service,5,5.59,27.95
txn_703,store_6,2025-04-22 20:56:17.150349,one_time_service,1,7.2,7.2
txn_704,store_2,2025-05-01 09:05:09.867939,one_time_service,4,7.68,30.72
txn_705,store_2,2025-05-14 03:08:03.713848,one_time_service,2,2.64,5.28
txn_706,store_2,2025-06-22 20:26:29.505774,premium_item,3,2.93,8.79
txn_707,store_3,2025-06-06 16:10:48.274467,basic_item,4,7.67,30.68
txn_708,store_2,2025-05-12 10:05:30.193629,subscription,4,6.42,25.68
txn_709,store_4,2025-04-27 15:17:48.304931,basic_item,1,7.3,7.3
txn_710,store_9,2025-06-17 10:14:14.318630,one_time_service,3,3.22,9.66
txn_711,store_6,2025-06-18 10:07:03.393337,premium_item,2,5.53,11.06
txn_712,store_1,2025-07-10 06:52:24.706993,enterprise,4,6.21,24.84
txn_713,store_8,2025-05-31 11:42:45.908237,premium_item,4,6.08,24.32
txn_714,store_7,2025-05-30 21:17:25.884596,one_time_service,1,4.45,4.45
txn_715,store_10,2025-04-23 16:26:50.099339,premium_item,5,2.09,10.45
txn_716,store_3,2025-04-20 00:47:31.716783,premium_item,2,5.5,11.0
txn_717,store_1,2025-05-25 07:52:29.151487,one_time_service,3,3.52,10.56
txn_718,store_5,2025-05-15 10:54:26.891167,premium_item,4,4.7,18.8
txn_719,store_4,2025-05-08 23:29:15.068130,subscription,4,7.75,31.0
txn_720,store_10,2025-04-24 15:57:32.129418,subscription,2,4.39,8.78
txn_721,store_8,2025-07-12 00:25:14.989628,premium_item,5,7.04,35.2
txn_722,store_1,2025-06-30 16:21:48.440712,enterprise,4,3.13,12.52
txn_723,store_10,2025-06-07 05:07:22.532273,one_time_service,2,6.03,12.06
txn_724,store_1,2025-07-11 00:23:28.355202,subscription,1,7.86,7.86
txn_725,store_4,2025-07-15 09:46:09.372620,enterprise,5,2.61,13.05
txn_726,store_8,2025-06-15 22:49:15.858524,premium_item,3,2.05,6.15
txn_727,store_5,2025-05-10 16:50:11.996903,enterprise,4,4.6,18.4
txn_728,store_2,2025-04-20 01:35:35.749357,basic_item,2,2.56,5.12
txn_729,store_6,2025-06-23 12:14:00.684273,subscription,1,6.49,6.49
txn_730,store_5,2025-05-28 18:58:28.660591,premium_item,3,7.49,22.47
txn_731,store_2,2025-06-14 01:57:12.048824,one_time_service,2,4.6,9.2
txn_732,store_3,2025-07-07 21:24:36.257907,premium_item,2,3.55,7.1
txn_733,store_9,2025-05-02 18:42:33.867796,one_time_service,3,4.61,13.83
txn_734,store_7,2025-06-08 03:00:17.425151,premium_item,1,6.34,6.34
txn_735,store_7,2025-06-12 13:49:40.237467,enterprise,1,2.05,2.05
txn_736,store_6,2025-05-30 16:49:14.096830,enterprise,5,5.54,27.7
txn_737,store_8,2025-04-24 15:46:35.210335,enterprise,4,5.68,22.72
txn_738,store_4,2025-05-17 18:17:19.432742,basic_item,3,5.83,17.49
txn_739,store_8,2025-05-16 10:38:20.328136,one_time_service,3,3.45,10.35
txn_740,store_4,2025-06-15 18:10:52.429034,enterprise,3,6.28,18.84
txn_741,store_8,2025-07-02 15:23:46.801055,basic_item,1,2.55,2.55
txn_742,store_9,2025-05-16 03:04:07.546989,one_time_service,4,3.2,12.8
txn_743,store_3,2025-06-17 21:01:40.747895,premium_item,5,7.26,36.3
txn_744,store_3,2025-05-12 09:14:35.835732,basic_item,2,6.43,12.86
txn_745,store_2,2025-07-10 12:18:39.222646,subscription,2,2.08,4.16
txn_746,store_10,2025-06-28 15:59:43.745125,basic_item,3,3.49,10.47
txn_747,store_3,2025-06-04 22:54:05.490369,basic_item,4,3.29,13.16
txn_748,store_3,2025-05-27 09:07:00.524293,one_time_service,1,3.62,3.62
txn_749,store_5,2025-05-14 18:02:59.673162,premium_item,4,3.49,13.96
txn_750,store_5,2025-05-15 12:57:51.221089,subscription,4,2.38,9.52
txn_751,store_2,2025-07-12 18:17:30.694672,enterprise,1,4.75,4.75
txn_752,store_10,2025-05-22 19:42:39.502247,enterprise,3,6.4,19.2
txn_753,store_6,2025-06-01 18:13:14.717122,basic_item,4,5.64,22.56
txn_754,store_5,2025-07-14 09:01:49.273155,one_time_service,2,6.04,12.08
txn_755,store_6,2025-06-14 15:14:21.424306,one_time_service,1,2.49,2.49
txn_756,store_1,2025-06-04 06:41:42.048736,enterprise,5,7.71,38.55
txn_757,store_5,2025-05-23 15:18:27.369551,subscription,3,7.03,21.09
txn_758,store_9,2025-05-03 07:52:16.100900,premium_item,1,6.83,6.83
txn_759,store_10,2025-05-19 00:08:10.555780,subscription,5,6.94,34.7
txn_760,store_2,2025-06-23 12:36:36.224954,premium_item,5,7.6,38.0
txn_761,store_1,2025-06-11 17:34:32.637939,enterprise,4,5.27,21.08
txn_762,store_10,2025-06-23 20:16:20.667430,premium_item,4,3.2,12.8
txn_763,store_9,2025-05-04 18:22:43.120433,one_time_service,4,5.7,22.8
txn_764,store_10,2025-06-04 21:00:26.172550,basic_item,1,6.46,6.46
txn_765,store_9,2025-07-08 22:27:57.647350,basic_item,1,6.43,6.43
txn_766,store_9,2025-05-25 21:01:25.014307,enterprise,3,5.13,15.39
txn_767,store_6,2025-06-18 06:54:46.485480,one_time_service,4,2.41,9.64
txn_768,store_8,2025-04-27 08:58:23.483254,subscription,5,4.23,21.15
txn_769,store_1,2025-07-13 00:41:23.898857,one_time_service,2,7.52,15.04
txn_770,store_10,2025-06-10 05:51:20.342258,basic_item,3,5.51,16.53
txn_771,store_4,2025-05-07 23:34:31.326090,basic_item,1,5.23,5.23
txn_772,store_1,2025-04-30 16:47:22.860780,one_time_service,3,3.61,10.83
txn_773,store_8,2025-06-05 00:30:18.377485,one_time_service,3,4.21,12.63
txn_774,store_1,2025-06-05 03:33:21.215836,basic_item,3,7.37,22.11
txn_775,store_3,2025-04-24 20:01:29.008200,subscription,3,6.0,18.0
txn_776,store_4,2025-07-14 17:58:05.774974,enterprise,2,6.72,13.44
txn_777,store_8,2025-07-07 14:37:16.994131,enterprise,4,4.73,18.92
txn_778,store_6,2025-05-27 23:25:13.084173,one_time_service,5,5.78,28.9
txn_779,store_10,2025-04-27 00:25:11.034360,enterprise,3,3.49,10.47
txn_780,store_7,2025-06-30 08:07:19.578268,basic_item,3,6.23,18.69
txn_781,store_8,2025-05-31 07:11:02.183645,basic_item,3,4.57,13.71
txn_782,store_2,2025-06-19 22:33:21.721955,one_time_service,4,4.66,18.64
txn_783,store_10,2025-06-01 05:51:23.048225,one_time_service,1,5.9,5.9
txn_784,store_8,2025-05-11 01:17:26.255887,one_time_service,1,7.62,7.62
txn_785,store_3,2025-06-30 13:41:47.659850,subscription,2,2.38,4.76
txn_786,store_7,2025-07-13 16:01:16.522172,enterprise,1,6.95,6.95
txn_787,store_3,2025-05-08 09:09:05.784689,one_time_service,3,3.75,11.25
txn_788,store_7,2025-06-05 01:25:31.496872,premium_item,3,4.66,13.98
txn_789,store_2,2025-05-20 23:14:19.098060,premium_item,3,2.13,6.39
txn_790,store_10,2025-07-08 09:55:40.992920,basic_item,2,3.81,7.62
txn_791,store_6,2025-06-01 04:29:35.432079,enterprise,3,5.02,15.06
txn_792,store_3,2025-07-04 14:02:15.219073,one_time_service,1,2.34,2.34
txn_793,store_3,2025-07-03 04:59:27.701172,premium_item,4,4.95,19.8
txn_794,store_9,2025-05-11 07:23:14.063400,enterprise,4,7.56,30.24
txn_795,store_7,2025-06-26 13:06:22.330313,basic_item,5,2.63,13.15
txn_796,store_5,2025-05-23 18:58:06.544593,subscription,1,6.59,6.59
txn_797,store_10,2025-07-09 12:40:09.768334,enterprise,3,4.46,13.38
txn_798,store_7,2025-06-01 03:24:22.426156,enterprise,4,5.93,23.72
txn_799,store_9,2025-06-29 07:04:46.962552,subscription,1,3.56,3.56
txn_800,store_1,2025-05-11 21:37:30.193069,enterprise,4,2.96,11.84
txn_801,store_7,2025-05-13 07:34:24.546888,basic_item,3,2.96,8.88
txn_802,store_6,2025-06-08 06:28:41.988557,basic_item,4,2.42,9.68
txn_803,store_10,2025-07-15 08:19:18.802256,subscription,5,3.11,15.55
txn_804,store_9,2025-05-30 12:18:57.594661,one_time_service,5,5.99,29.95
txn_805,store_1,2025-04-29 19:39:32.232412,premium_item,4,7.29,29.16
txn_806,store_4,2025-06-03 22:01:36.831294,one_time_service,1,6.88,6.88
txn_807,store_9,2025-05-17 12:09:38.029674,enterprise,1,6.11,6.11
txn_808,store_4,2025-06-05 02:50:04.094213,premium_item,1,2.66,2.66
txn_809,store_10,2025-06-04 08:30:06.428638,subscription,4,3.74,14.96
txn_810,store_3,2025-05-27 10:14:13.999826,subscription,1,3.86,3.86
txn_811,store_9,2025-05-15 09:43:54.934454,premium_item,3,3.5,10.5
txn_812,store_2,2025-05-03 10:10:55.117021,basic_item,5,5.09,25.45
txn_813,store_4,2025-06-18 05:17:22.032253,premium_item,3,5.21,15.63
txn_814,store_6,2025-06-06 21:46:32.723151,enterprise,1,4.14,4.14
txn_815,store_2,2025-05-07 11:11:15.839623,basic_item,3,4.12,12.36
txn_816,store_8,2025-06-25 05:52:08.097451,subscription,1,6.97,6.97
txn_817,store_8,2025-04-20 08:58:15.656861,premium_item,4,6.74,26.96
txn_818,store_1,2025-06-22 11:15:21.517652,one_time_service,3,3.85,11.55
txn_819,store_3,2025-06-18 21:59:06.261932,one_time_service,4,7.48,29.92
txn_820,store_10,2025-06-28 11:20:09.885427,enterprise,4,7.72,30.88
txn_821,store_9,2025-05-21 04:37:22.638454,one_time_service,2,3.96,7.92
txn_822,store_5,2025-06-15 04:15:38.597157,premium_item,1,4.13,4.13
txn_823,store_6,2025-06-29 07:30:27.221180,premium_item,5,5.03,25.15
txn_824,store_4,2025-07-13 17:15:36.105305,one_time_service,1,7.65,7.65
txn_825,store_10,2025-05-31 00:36:09.838505,premium_item,5,7.26,36.3
txn_826,store_2,2025-04-19 18:39:18.756912,enterprise,1,2.62,2.62
txn_827,store_8,2025-05-31 15:38:30.242524,basic_item,4,4.36,17.44
txn_828,store_6,2025-06-08 13:28:57.277403,enterprise,3,5.32,15.96
txn_829,store_5,2025-07-03 17:14:43.895797,enterprise,3,5.02,15.06
txn_830,store_9,2025-07-04 02:56:38.607740,premium_item,2,3.16,6.32
txn_831,store_1,2025-05-26 01:45:15.346271,basic_item,5,7.15,35.75
txn_832,store_5,2025-06-02 18:44:49.910111,premium_item,5,6.06,30.3
txn_833,store_6,2025-05-27 13:39:26.966209,subscription,5,7.03,35.15
txn_834,store_5,2025-06-20 11:10:17.462287,premium_item,4,7.15,28.6
txn_835,store_6,2025-05-23 08:14:48.006247,premium_item,5,6.49,32.45
txn_836,store_6,2025-06-14 09:01:13.853402,premium_item,3,4.64,13.92
txn_837,store_7,2025-04-30 08:06:47.096269,basic_item,4,5.66,22.64
txn_838,store_4,2025-05-28 16:47:33.172359,premium_item,1,2.96,2.96
txn_839,store_8,2025-07-12 16:10:21.690448,basic_item,5,6.04,30.2
txn_840,store_7,2025-05-16 21:59:06.415088,one_time_service,5,3.08,15.4
txn_841,store_9,2025-06-17 18:56:05.217717,subscription,1,6.16,6.16
txn_842,store_7,2025-06-13 22:20:24.069562,basic_item,5,3.38,16.9
txn_843,store_3,2025-07-02 02:30:21.172426,one_time_service,1,2.71,2.71
txn_844,store_3,2025-07-02 03:45:00.492245,basic_item,4,2.99,11.96
txn_845,store_8,2025-07-02 18:52:19.083202,basic_item,3,2.01,6.03
txn_846,store_5,2025-05-20 15:30:47.334247,subscription,1,6.31,6.31
txn_847,store_4,2025-05-14 22:40:51.392097,enterprise,2,6.39,12.78
txn_848,store_8,2025-06-20 03:07:20.957647,enterprise,1,5.09,5.09
txn_849,store_6,2025-06-23 19:00:02.728498,basic_item,5,2.97,14.85
txn_850,store_2,2025-07-03 23:02:24.602406,premium_item,4,2.5,10.0
txn_851,store_4,2025-04-19 16:14:05.659454,one_time_service,4,2.11,8.44
txn_852,store_4,2025-04-22 14:28:53.989201,premium_item,1,2.99,2.99
txn_853,store_6,2025-06-12 06:00:02.326180,premium_item,3,7.35,22.05
txn_854,store_6,2025-07-08 07:53:58.931235,basic_item,2,3.45,6.9
txn_855,store_1,2025-07-15 05:07:58.236028,basic_item,4,4.13,16.52
txn_856,store_8,2025-06-22 15:42:29.526875,basic_item,5,2.63,13.15
txn_857,store_6,2025-05-25 12:04:16.424796,basic_item,5,3.33,16.65
txn_858,store_3,2025-04-25 07:19:48.009879,enterprise,3,5.12,15.36
txn_859,store_9,2025-06-12 11:35:17.375723,basic_item,4,5.65,22.6
txn_860,store_2,2025-07-03 23:27:50.371878,enterprise,1,3.47,3.47
txn_861,store_8,2025-05-26 09:02:18.676848,enterprise,5,2.35,11.75
txn_862,store_10,2025-06-17 21:44:07.301008,basic_item,3,4.35,13.05
txn_863,store_3,2025-07-06 18:05:19.765634,subscription,4,3.41,13.64
txn_864,store_5,2025-04-20 14:02:00.031564,one_time_service,4,3.32,13.28
txn_865,store_6,2025-06-27 02:21:45.844232,premium_item,4,7.76,31.04
txn_866,store_10,2025-05-12 20:22:02.085037,enterprise,4,5.7,22.8
txn_867,store_6,2025-05-20 04:20:58.573226,one_time_service,4,5.34,21.36
txn_868,store_4,2025-04-29 13:07:24.990493,subscription,5,4.49,22.45
txn_869,store_3,2025-06-03 06:00:43.549060,premium_item,3,4.57,13.71
txn_870,store_4,2025-06-06 09:05:50.868594,premium_item,4,5.25,21.0
txn_871,store_1,2025-06-26 18:32:05.688035,enterprise,2,6.18,12.36
txn_872,store_4,2025-05-01 17:51:27.114292,basic_item,2,6.21,12.42
txn_873,store_1,2025-04-23 13:15:52.153871,subscription,3,3.03,9.09
txn_874,store_1,2025-07-03 19:42:22.978203,enterprise,1,5.0,5.0
txn_875,store_10,2025-06-11 05:16:02.084889,subscription,1,4.47,4.47
txn_876,store_6,2025-05-08 02:53:06.720617,basic_item,1,7.22,7.22
txn_877,store_5,2025-07-07 14:24:12.687743,basic_item,2,5.79,11.58
txn_878,store_4,2025-04-29 07:49:37.650863,enterprise,1,5.2,5.2
txn_879,store_3,2025-05-27 22:46:35.985394,basic_item,5,2.69,13.45
txn_880,store_1,2025-05-09 07:17:02.050426,one_time_service,4,5.63,22.52
txn_881,store_6,2025-05-09 10:11:54.741793,premium_item,2,2.7,5.4
txn_882,store_2,2025-04-17 06:59:28.686141,enterprise,3,4.02,12.06
txn_883,store_8,2025-06-27 20:42:01.065709,subscription,3,2.86,8.58
txn_884,store_10,2025-07-06 13:18:18.737056,one_time_service,4,6.15,24.6
txn_885,store_5,2025-06-16 10:19:56.506348,enterprise,2,3.24,6.48
txn_886,store_7,2025-04-30 15:55:12.696383,basic_item,1,4.35,4.35
txn_887,store_10,2025-05-26 04:49:45.056457,basic_item,1,7.37,7.37
txn_888,store_2,2025-05-17 13:06:52.554824,basic_item,5,3.23,16.15
txn_889,store_8,2025-06-08 07:50:51.838219,basic_item,5,5.05,25.25
txn_890,store_2,2025-06-12 22:48:01.608708,subscription,1,4.52,4.52
txn_891,store_4,2025-05-24 15:12:00.564630,one_time_service,3,2.11,6.33
txn_892,store_1,2025-05-08 22:54:18.052153,premium_item,3,6.76,20.28
txn_893,store_5,2025-07-01 12:32:57.581070,subscription,5,2.41,12.05
txn_894,store_9,2025-05-04 09:00:05.644232,subscription,4,4.85,19.4
txn_895,store_1,2025-05-21 01:37:48.963132,premium_item,1,5.36,5.36
txn_896,store_9,2025-05-29 22:25:20.141960,premium_item,5,5.77,28.85
txn_897,store_8,2025-05-07 19:03:25.797353,basic_item,5,6.13,30.65
txn_898,store_6,2025-06-06 22:02:45.114885,subscription,1,3.52,3.52
txn_899,store_7,2025-06-07 04:17:11.828236,enterprise,1,2.06,2.06
txn_900,store_3,2025-07-14 18:54:27.590411,premium_item,3,6.34,19.02
txn_901,store_1,2025-05-13 00:23:28.601365,premium_item,4,5.21,20.84
txn_902,store_5,2025-07-13 11:03:10.571240,one_time_service,4,7.02,28.08
txn_903,store_2,2025-06-14 16:28:09.307832,enterprise,1,6.93,6.93
txn_904,store_5,2025-05-11 03:34:13.695438,enterprise,2,7.06,14.12
txn_905,store_8,2025-06-06 09:05:58.295021,premium_item,5,4.91,24.55
txn_906,store_9,2025-06-17 04:01:11.114674,basic_item,5,4.0,20.0
txn_907,store_2,2025-06-22 11:10:39.168077,one_time_service,1,6.75,6.75
txn_908,store_3,2025-04-20 20:37:42.353210,enterprise,2,4.71,9.42
txn_909,store_3,2025-06-10 00:31:51.149340,premium_item,3,3.1,9.3
txn_910,store_1,2025-05-31 03:37:25.639188,enterprise,1,7.13,7.13
txn_911,store_8,2025-07-06 19:40:05.801170,one_time_service,1,7.3,7.3
txn_912,store_6,2025-05-12 04:52:19.980927,one_time_service,5,4.8,24.0
txn_913,store_8,2025-06-27 08:13:50.548473,subscription,1,2.45,2.45
txn_914,store_9,2025-06-10 01:57:11.684908,premium_item,1,4.33,4.33
txn_915,store_5,2025-05-18 03:42:22.011759,one_time_service,1,6.82,6.82
txn_916,store_3,2025-06-12 17:47:14.878558,subscription,5,7.41,37.05
txn_917,store_5,2025-06-11 07:49:03.943687,subscription,3,3.22,9.66
txn_918,store_5,2025-06-16 10:39:50.689442,enterprise,3,2.4,7.2
txn_919,store_5,2025-06-20 07:53:53.316179,enterprise,1,7.26,7.26
txn_920,store_3,2025-06-14 18:31:29.916692,subscription,5,4.34,21.7
txn_921,store_10,2025-06-30 21:30:03.680691,enterprise,3,5.25,15.75
txn_922,store_4,2025-06-11 23:42:31.513460,one_time_service,3,7.81,23.43
txn_923,store_9,2025-07-06 18:02:41.462063,basic_item,3,2.4,7.2
txn_924,store_10,2025-06-13 14:47:18.833926,one_time_service,5,5.89,29.45
txn_925,store_9,2025-05-14 05:59:16.364810,subscription,5,2.44,12.2
txn_926,store_2,2025-05-26 02:52:15.385901,subscription,1,4.25,4.25
txn_927,store_8,2025-06-07 14:34:20.169741,one_time_service,4,6.82,27.28
txn_928,store_8,2025-06-21 08:35:23.814693,enterprise,3,4.6,13.8
txn_929,store_7,2025-04-24 13:22:51.389001,enterprise,4,7.98,31.92
txn_930,store_8,2025-05-13 00:07:53.131068,subscription,5,5.35,26.75
txn_931,store_3,2025-06-22 17:15:05.464962,premium_item,5,3.93,19.65
txn_932,store_6,2025-05-02 06:04:31.446976,enterprise,5,3.32,16.6
txn_933,store_1,2025-04-28 08:09:28.846481,one_time_service,4,4.1,16.4
txn_934,store_7,2025-06-03 23:48:48.993066,enterprise,5,4.24,21.2
txn_935,store_1,2025-07-12 21:06:37.242704,one_time_service,1,2.41,2.41
txn_936,store_9,2025-06-03 05:20:02.317118,subscription,5,4.22,21.1
txn_937,store_1,2025-07-07 15:49:28.972777,enterprise,2,4.79,9.58
txn_938,store_1,2025-06-30 04:30:49.348964,one_time_service,4,6.34,25.36
txn_939,store_7,2025-05-09 13:44:53.636773,subscription,2,5.94,11.88
txn_940,store_2,2025-06-29 16:01:22.241540,premium_item,5,6.25,31.25
txn_941,store_5,2025-05-29 19:29:02.984310,one_time_service,1,2.05,2.05
txn_942,store_8,2025-06-28 00:42:28.786953,premium_item,3,3.31,9.93
txn_943,store_8,2025-06-22 15:15:39.770389,premium_item,5,5.97,29.85
txn_944,store_3,2025-05-16 22:19:04.072778,basic_item,1,4.9,4.9
txn_945,store_7,2025-04-26 19:27:33.904344,enterprise,4,2.03,8.12
txn_946,store_3,2025-07-12 02:32:32.504565,one_time_service,2,6.83,13.66
txn_947,store_6,2025-04-29 02:43:40.807903,premium_item,2,6.64,13.28
txn_948,store_6,2025-07-12 10:19:59.888001,basic_item,2,5.29,10.58
txn_949,store_3,2025-07-02 20:35:47.540705,subscription,4,2.4,9.6
txn_950,store_7,2025-06-20 15:00:03.412320,one_time_service,1,6.6,6.6
txn_951,store_3,2025-07-13 15:22:05.139094,premium_item,4,5.5,22.0
txn_952,store_8,2025-07-12 11:59:43.814228,enterprise,2,6.69,13.38
txn_953,store_10,2025-06-27 20:36:07.779128,basic_item,5,6.51,32.55
txn_954,store_4,2025-05-19 08:46:01.043403,premium_item,3,6.82,20.46
txn_955,store_1,2025-06-26 14:33:57.246974,enterprise,4,5.11,20.44
txn_956,store_4,2025-04-17 16:45:25.721292,premium_item,4,2.84,11.36
txn_957,store_7,2025-06-03 17:41:20.528329,one_time_service,1,6.03,6.03
txn_958,store_4,2025-05-27 09:01:50.410888,one_time_service,1,5.72,5.72
txn_959,store_6,2025-06-16 00:00:07.756681,one_time_service,4,6.45,25.8
txn_960,store_9,2025-06-15 22:56:56.299433,basic_item,2,3.02,6.04
txn_961,store_1,2025-06-08 01:20:33.531920,one_time_service,3,3.17,9.51
txn_962,store_5,2025-06-29 11:06:51.193573,enterprise,1,7.34,7.34
txn_963,store_7,2025-07-10 01:43:24.009713,premium_item,2,6.5,13.0
txn_964,store_1,2025-04-26 04:43:13.549937,subscription,5,7.45,37.25
txn_965,store_4,2025-05-07 11:44:53.370834,enterprise,1,6.55,6.55
txn_966,store_6,2025-04-18 16:44:45.934889,enterprise,2,5.58,11.16
txn_967,store_2,2025-07-05 00:38:24.415630,one_time_service,2,5.92,11.84
txn_968,store_10,2025-06-05 23:19:58.063615,basic_item,3,7.33,21.99
txn_969,store_5,2025-07-07 19:38:44.205628,premium_item,3,5.47,16.41
txn_970,store_10,2025-05-06 08:50:45.607017,basic_item,5,5.79,28.95
txn_971,store_1,2025-04-22 03:14:29.971305,premium_item,2,2.94,5.88
txn_972,store_6,2025-06-29 14:13:13.471656,premium_item,2,4.84,9.68
txn_973,store_6,2025-07-07 06:58:12.535662,basic_item,3,6.3,18.9
txn_974,store_4,2025-05-13 15:25:25.056387,enterprise,1,3.63,3.63
txn_975,store_8,2025-05-23 04:36:42.833914,premium_item,1,3.21,3.21
txn_976,store_4,2025-04-29 00:36:40.308506,basic_item,4,3.88,15.52
txn_977,store_8,2025-07-10 14:37:03.938941,premium_item,3,3.45,10.35
txn_978,store_8,2025-05-13 20:07:13.267204,subscription,4,3.29,13.16
txn_979,store_5,2025-05-30 18:45:43.296428,enterprise,3,4.55,13.65
txn_980,store_4,2025-04-25 04:37:39.240537,one_time_service,5,7.45,37.25
txn_981,store_2,2025-07-05 07:10:22.642373,premium_item,2,5.04,10.08
txn_982,store_3,2025-04-28 15:43:37.901996,subscription,5,3.13,15.65
txn_983,store_3,2025-05-27 06:33:48.112825,one_time_service,3,2.46,7.38
txn_984,store_4,2025-06-15 18:56:35.097038,one_time_service,2,6.18,12.36
txn_985,store_4,2025-06-22 07:52:31.844224,premium_item,1,4.3,4.3
txn_986,store_10,2025-07-10 13:59:48.750282,basic_item,1,6.93,6.93
txn_987,store_5,2025-05-24 04:00:23.893814,premium_item,4,5.96,23.84
txn_988,store_4,2025-06-22 05:59:38.118078,subscription,3,6.78,20.34
txn_989,store_10,2025-04-30 08:27:44.348403,one_time_service,3,3.63,10.89
txn_990,store_8,2025-05-23 18:50:36.344614,premium_item,1,6.15,6.15
txn_991,store_6,2025-04-25 08:34:46.490775,basic_item,5,3.58,17.9
txn_992,store_6,2025-05-30 11:40:56.825119,premium_item,2,7.63,15.26
txn_993,store_8,2025-05-23 04:13:23.386453,enterprise,5,5.82,29.1
txn_994,store_7,2025-07-11 01:58:45.640632,basic_item,5,3.95,19.75
txn_995,store_10,2025-04-19 09:21:36.105855,subscription,1,3.62,3.62
txn_996,store_10,2025-05-19 19:02:15.218390,one_time_service,1,3.15,3.15
txn_997,store_8,2025-05-26 08:24:01.136480,premium_item,1,6.17,6.17
txn_998,store_2,2025-07-10 23:53:31.260039,basic_item,4,3.31,13.24
txn_999,store_9,2025-07-02 10:27:54.962422,enterprise,5,5.57,27.85
